Dpto;Huevo
ANTIOQUIA;1168549702
ATLANTICO;18088822
SANTAFE DE BOGOTA D.C;0
BOLIVAR;4311898
BOYACA;12071427
CALDAS;34903947
CAQUETA;792630
CAUCA;66646578
CESAR;1631020
CORDOBA;6904300
CUNDINAMARCA;228982324
CHOCO;258639
HUILA;27960047
LA GUAJIRA;210354
MAGDALENA;3950427
META;6535443
NARIÑO;6717659
NORTE DE SANTANDER;29369217
QUINDIO;13232487
RISARALDA;11905485
SANTANDER;187998621
SUCRE;11238275
TOLIMA;47166121
VALLE DEL CAUCA;257930447
ARAUCA;2650465
CASANARE;1975080
PUTUMAYO;54920
AMAZONAS;1837453
GUAINIA;419689
GUAVIARE;604
VAUPES;0
VICHADA;46421
ARCHIPIELAGO DE SAN ANDRES PROVIDENCIA Y SANTA CATALINA;119120
